<?xml version="1.0" encoding="utf-8"?>
<ApplicationInstallerManifest>
   <DefaultInstallationDirectory>/Applications/UThPb/</DefaultInstallationDirectory>
   <ApplicationName>UThPb</ApplicationName>
   <ExecutableName>application/UThPb.exe</ExecutableName>
   <GUID>d46290bf-75ef-4023-a77d-1c0eda5eb3c1</GUID>
   <ApplicationIcon>icon_48.png</ApplicationIcon>
   <Logo>default_logo.png</Logo>
   <Version>0.1</Version>
   <InstallationNotes>In the following directions, replace MR/v96 by the directory on the target machine where MATLAB is installed, or MR by the directory where the MATLAB Runtime is installed.

If the environment variable DYLD_LIBRARY_PATH is undefined, set it to the following string:

MR/v96/runtime/maci64:MR/v96/sys/os/maci64:MR/v96/bin/maci64

If it is defined, set it to the following:

${DYLD_LIBRARY_PATH}:MR/v96/runtime/maci64:MR/v96/sys/os/maci64:MR/v96/bin/maci64
</InstallationNotes>
   <AuthorOrganization>University of Kansas</AuthorOrganization>
   <Summary>Calculates U-Pb ages with intermediate daughter disequilibrium measurements or assumptions.</Summary>
   <WelcomePanelText>UThPb 0.1
Calculates U-Pb ages with intermediate daughter disequilibrium measurements or assumptions.
Noah McLean
noahmc@ku.edu</WelcomePanelText>
   <MCRProducts>
      <MCRProduct>
         <ExternalProductIdentifier>35000</ExternalProductIdentifier>
      </MCRProduct>
      <MCRProduct>
         <ExternalProductIdentifier>35010</ExternalProductIdentifier>
      </MCRProduct>
   </MCRProducts>
</ApplicationInstallerManifest>