<?xml version="1.0" encoding="utf-8"?>
<productAdditionalComps>
   <dependsOn>
      <component>
         <name>UThPb</name>
         <locale/>
         <platformList>
            <platform>maci64</platform>
         </platformList>
         <version>0.1</version>
      </component>
   </dependsOn>
   <isControllingProduct>true</isControllingProduct>
   <platform>maci64</platform>
   <productName>UThPb</productName>
   <productNumber>5000</productNumber>
   <productBaseCode>UThPb</productBaseCode>
   <productVersion>0.1</productVersion>
   <releaseFamily>R2019a</releaseFamily>
   <releaseDescription>R2019a_Prerelease</releaseDescription>
</productAdditionalComps>